Company Name,Batch,Short Description,Founder Name(s),Founder LinkedIn URL(s)
Martini,W26,,Not found,Not found
Shofo,W26,,Get Started; Complete Social,Not found
GrazeMate,W26,,Not found,Not found
Ritivel,W26,,Try Search; Try Regulatory,Not found
SpotPay,W26,,Global Payments; Local Love,Not found
Veriad,W26,,Before Veriad; After Veriad,Not found
Coevolved,W26,,Not found,Not found
Fed10,W26,,Stop Reacting; To Legislative,Not found
Squid,W26,,About Us; San Francisco,Not found
Scout Out,W26,,Property Address; Phone Number,Not found
Corelayer,W26,,Privacy Policy,Not found
Chasi,W26,,Busy Work; Give Every,Not found
o11,W26,,Log In; Workspace Inside,Not found
Sequence Markets,W26,,The Execution; The Execution,Not found
Arzule,W26,,Sign In; Get Started,Not found
Bubble Lab,W26,,Build Now; Launch Special,Not found
Pocket,W26,,United Kingdom; United States,Not found
Constellation Space,W26,,Request Demo; Learn More,Not found
AxionOrbital Space,W26,,Case Studies; Contact Us,Not found
Caretta,W26,,Sales Call; Also Backed,Not found
Human Archive,W26,,Human Archive,Not found
Ressl AI,W26,,Use Cases; Join Slack,Not found
SideKit,W26,,Try It; One Harness,Not found
Clice AI,W26,,Not found,Not found
Chamber,W26,,Infrastructure Optimization; Discover Your,Not found
"BellabeatSan Francisco, CA, USA",Unknown,Tech-powered women's wellness.,Startup Jobs; Active Founders,Not found
"CruiseSan Francisco, CA, USA",Unknown,Self-driving cars.,Startup Jobs; Active Founders,Not found
"BenchlingSan Francisco, CA, USA",Unknown,Unlocking the power of biotech with modern software for modern science,"Sajith Wickramasekara
Founder/CEO; LinkedIn ¬∑ Sajith Wickramasekara
5.6K+ followers",https://www.linkedin.com/in/sajithw
"CasetextSan Francisco, CA, USA",Unknown,We make the world's laws free and understandable.,Startup Jobs; Am Law,Not found
"BirdAmsterdam, NH, Netherlands",Unknown,The world‚Äôs largest omnichannel communications platform,Startup Jobs; Work Anywhere,Not found
"BrexSan Francisco, CA, USA",Unknown,"Business accounts, corporate cards, and spend management software.",Founder and CEO at Brex.,https://www.linkedin.com/in/pfranceschi
"The AthleticSan Francisco, CA, USA",Unknown,Subscription sports media.,Founder of The Athletic (S16).,https://www.linkedin.com/in/adamhansmann
"CodecademyNew York, NY, USA",Unknown,The leading online learning platform for technical skills.,"Zach Sims
 Founder/CEO",https://www.linkedin.com/in/zacharysims
"CheckrSan Francisco, CA, USA",Unknown,People infrastructure for the future of work,Startup Jobs; Active Founders,Not found
"LeverSan Francisco, CA, USA",Unknown,Talent Acquisition Suite that combines ATS + Talent CRM,Startup Jobs; Talent Acquisition,Not found
"ClipboardSan Francisco, CA, USA",Unknown,Connects workplaces with professionals nearby.,Startup Jobs; Active Founders,Not found
"HeapSan Francisco, CA, USA",Unknown,Captures user interactions with no code to generate analytics.,"Matin Movassate
 Founder/CEO; LinkedIn ¬∑ Matin Movassate
4.8K+ followers",https://www.linkedin.com/in/matin-movassate-29494723
"SendwaveBoston, MA, USA",Unknown,"Instant, no fee international remittances.","CEO at Wave; LinkedIn ¬∑ Lincoln Quirk
870+ followers",https://sn.linkedin.com/in/drew-durbin-52517614; https://www.linkedin.com/in/lincolnquirk
"DeelSan Francisco, CA, USA",Unknown,The all-in-one HR and payroll platform for global teams,"Co-founder & CEO @Deel; LinkedIn ¬∑ Deel
560+ reactions ¬∑ 10 months ago",https://il.linkedin.com/in/alexbouaziz
"CleverSan Francisco, CA, USA",Unknown,The platform that powers technology in the classroom.,Startup Jobs; Active Founders,Not found
Caper,Unknown,Plug-and-play cashier-less retail powered by computer vision and AI,Startup Jobs; Active Founders,Not found
"EquipmentShareColumbia, MO, USA",Unknown,Cloud solutions for the construction industry.,Founder @ EquipmentShare - YC W 2015,https://www.linkedin.com/in/jabbok-schlacks-319a378a
"RedditSan Francisco, CA, USA",Unknown,The frontpage of the internet.,Startup Jobs; Steve Huffman,Not found
"FivestarsSan Francisco, CA, USA",Unknown,Customer loyalty and payments platform for small businesses.,Startup Jobs; Menlo Ventures,Not found
"Machine ZonePalo Alto, CA, USA",Unknown,Pioneers of mobile social gaming.,Startup Jobs; Machine Zone,Not found
"FaireSan Francisco, CA, USA",Unknown,The global online platform empowering independent retail.,Startup Jobs; Latest News,Not found
"FivetranOakland, CA, USA",Unknown,The leader in automated data movement,"Taylor Brown
 Founder/COO
George Fraser
 Founder; Scalelist
https://scalelist.com ‚Ä∫ CEOs",https://ca.linkedin.com/in/taylorbennettbrown
"OptimizelySan Francisco, CA, USA",Unknown,The first all-in-one operating system for marketing,Startup Jobs; At Optimizely,Not found
"FlexportSan Francisco, CA, USA",Unknown,Platform for global logistics.,"Founder of Flexport; LinkedIn ¬∑ Ryan Petersen
49.7K+ followers","https://www.linkedin.com/in/rpetersen#:~:text=Ryan%20Petersen%20%2D%20Founder%20and%20CEO,Ryan%20Petersen"
"WePayRedwood City, CA, USA",Unknown,Payments for platform businesses.,Startup Jobs; Online Marketplaces,Not found
"WeeblySan Francisco, CA, USA",Unknown,Build a free website that grows with your business.,"Founder/CEO of Weebly; LinkedIn ¬∑ Chris Fanini
1K+ followers",https://www.linkedin.com/in/chrisfanini; https://www.linkedin.com/in/chrisfanini
"Flock SafetyAtlanta, GA, USA",Unknown,The first public safety operating system that eliminates crime.,I spit rhymes in n log(n) time.,https://www.linkedin.com/in/holly-beilin
"SqreenSan Francisco, CA, USA",Unknown,Sqreen is the application security platform for the modern enterprise,Startup Jobs; Active Founders,Not found
"NURXNew York, NY, USA",Unknown,"Medicine or testing kit, prescribed online and delivered to your door.","Edvard Engesaeth
 Founder; Scalelist
https://scalelist.com ‚Ä∫ CEOs",https://www.linkedin.com/in/edvardeng
"Go1San Francisco, CA, USA",Unknown,A learning platform that enables you to train your staff or customers.,Startup Jobs; Latest News,Not found
"CoreOSSan Francisco, CA, USA",Unknown,Open source tools of modern distributed systems.,"Alex Polvi
 Founder/CEO",https://www.linkedin.com/in/polvi
"Bear Flag RoboticsNewark, CA, USA",Unknown,Autonomous driving technology for farm tractors.,Startup Jobs; Bear Flag,Not found
"GOAT GroupLos Angeles, CA, USA",Unknown,"Platform for the greatest products from the past, present and future.","Eddy Lu
 Founder
Daishin Sugano
 Founder/CPO; Scalelist
https://scalelist.com ‚Ä∫ CEOs",https://www.linkedin.com/in/eddylu
"HerokuSan Francisco, CA, USA",Unknown,Enabling developers to build and run applications in the cloud.,Startup Jobs; Latest News,Not found
"GrubMarketSan Francisco, CA, USA",Unknown,AI-powered technology enabler and digital transformer of American‚Ä¶,"Mike Xu
 Founder/CEO, , President",https://www.linkedin.com/in/mikexu11
"HelloSignSan Francisco, CA, USA",Unknown,eSignature software for small and mid-market businesses.,"Neal O'Mara
 Founder/CTO",https://www.linkedin.com/in/nealomara
"ZenefitsSan Francisco, CA, USA",Unknown,"HR for small businesses: onboarding, payroll and benefits.","Laks Srini
 Founder/CTO",https://www.linkedin.com/in/lakssrini
"GustoSan Francisco, CA, USA",Unknown,Provides growing businesses with everything to take care of their team,Co-founder and Head of Engineering at Gusto,https://www.linkedin.com/in/brianl429
"HoneyloveLos Angeles, CA, USA",Unknown,Honeylove makes functional undergarments for women,"Betsie Larkin
 Founder/CEO; LinkedIn ¬∑ Betsie Larkin
17.3K+ followers",https://www.linkedin.com/in/betsielarkin
"Modern FertilitySan Francisco, CA, USA",Unknown,At-home fertility test for women who aren't ready for kids right now‚Ä¶,"Afton Vechery
 Founder/CEO
Carly Leahy
 Founder",Not found
"CognitoPalo Alto, CA, USA",Unknown,"Frictionless, modern identity verification that starts with just a‚Ä¶",Startup Jobs; Social Security,Not found
"OpenInvestSan Francisco, CA, USA",Unknown,Values based personalization at scale for asset and wealth management,Startup Jobs; Public Benefit,Not found
"MixpanelSan Francisco, CA, USA",Unknown,Mixpanel is event analytics for builders that need answers.,Startup Jobs; Former Founders,Not found
"PaystackLagos, LA, Nigeria",Unknown,Modern payments infrastructure for Africa,Startup Jobs; San Francisco,Not found
"Moxion Power Co.Richmond, CA, USA",Unknown,Mobile Energy Storage Technology,Startup Jobs; Moxion Power,Not found
"DrChronoCA, USA",Unknown,The essential platform for modern medical practices and patients.,Startup Jobs; Active Founders,Not found
"OMGPopNew York, NY, USA",Unknown,An independent flash game studio.,Startup Jobs; New York,Not found
"NewfrontSan Francisco, CA, USA",Unknown,Modern insurance brokerage.,Startup Jobs; Business Insurance,Not found
"NorthKitchener, ON, Canada",Unknown,Wearable computing hardware: biosignal gesture recognition,Startup Jobs; Thalmic Labs,Not found
Nowports,Unknown,The core engine of supply chain in LATAM,Startup Jobs; Freight Forwarder,Not found
"OdekoNew York, NY, USA",Unknown,Our operations software makes it easier to run--and grow--your cafe,"James Burkhardt
 Founder; LinkedIn ¬∑ James B.
12.4K+ followers",https://www.linkedin.com/in/jameseburkhardt
"GitPrimeDurango, CO, USA",Unknown,Visibility and analytics for software development leaders.,"GitPrime (YC W16), acq Pluralsight",Not found
"ProxySan Francisco, CA, USA",Unknown,Smart ring digital wallet,Startup Jobs; Active Founders,Not found
"FutureAdvisorSan Francisco, CA, USA",Unknown,The online financial management service for everyone.,Startup Jobs; San Francisco,Not found
"PodiumLehi, UT, USA",Unknown,Get more leads. Make more money.,Startup Jobs; Next Billion,Not found
"RappiBogot√°, Bogota, Colombia",Unknown,On-demand delivery and financial services for Latin America.,Startup Jobs; Latin America,Not found
"RazorpayBengaluru, KA, India",Unknown,India's only full-stack financial solutions company for businesses.,Startup Jobs; Harshil Mathur,Not found
"RipplingSan Francisco, CA, USA",Unknown,"One place to run all your HR, IT, and Finance. Globally.",Startup Jobs; With Rippling,Not found
"Scale AISan Francisco, CA, USA",Unknown,Data-centric infrastructure to accelerate the development of AI,"Alexandr Wang
 Founder/CEO",https://www.linkedin.com/in/alexandrwang
"ScentbirdNew York, NY, USA",Unknown,Scentbird is a luxury fragrance subscription service.,"Mariya Nurislamova
 Founder",https://www.linkedin.com/in/mariyanurislamova
"ScribdSan Francisco, CA, USA",Unknown,World's largest online library.,Founded Scribd (S'06),https://www.linkedin.com/in/tonygrimminck
"ShipBobChicago, IL, USA",Unknown,Providing Amazon level logistics to e-commerce businesses.,"Divey Gulati
 Founder
Dhruv Saxena
 Founder; LinkedIn ¬∑ dhruv saxena
3.9K+ followers",https://www.linkedin.com/in/dhruv-saxena-4568034
"SmartAssetNew York, NY, USA",Unknown,Marketplace connecting consumers to financial advisors,"Michael Carvin
 Founder/CEO; LinkedIn ¬∑ Joe Carvin
770+ followers",https://www.linkedin.com/in/michael-carvin-5315692a; https://www.linkedin.com/in/joe-carvin-47619181
"StripeSan Francisco, CA, USA",Unknown,Economic infrastructure for the internet.,Startup Jobs; Latest News,Not found
"WaveDakar, Dakar Region, Senegal",Unknown,Mobile money app for Africa,"CEO at Wave; LinkedIn ¬∑ Moustapha Ndoye
4.3K+ followers",https://sn.linkedin.com/in/coura-carine-tine-sene
"WebflowSan Francisco, CA, USA",Unknown,Professional website design and publishing platform.,Startup Jobs; Orange Theory,Not found
"WhatnotLos Angeles, CA, USA",Unknown,Whatnot is the largest livestream shopping platform in the U.S.,"Grant LaFontaine
 Founder/CEO
Logan Head
 Founder; LinkedIn ¬∑ Grant LaFontaine
1.8K+ followers",https://www.linkedin.com/in/grantlafontaine
"ZapierMountain View, CA, USA",Unknown,The easiest way to automate your work.,Co-founder and CEO at Zapier,https://www.linkedin.com/in/wadefoster
"ZeptoMH, India",Unknown,10-Minute Grocery Delivery in India,"Aadit Palicha
 Founder
Kaivalya Vohra
 Founder",Not found
"Focal SystemsNew York, NY, USA",Unknown,Building the Operating System for B&M Retail using Deep Learning,Startup Jobs; Focal Systems,Not found
"MioAustin, TX, USA",Unknown,Mio powers seamless communication between workplace chat apps.,Startup Jobs; Microsoft Teams,Not found
"DailySan Francisco, CA, USA",Unknown,Conversational Voice and Multimodal AI built with Open Source,"Kwindla Hultman Kramer
 Founder",https://www.linkedin.com/in/kwkramer
"PetcubeSan Francisco, CA, USA",Unknown,Petcube is on the mission to improve lives of pets and pet owners‚Ä¶,Startup Jobs; Petcube Camera,Not found
"OutschoolSan Francisco, CA, USA",Unknown,A live online learning platform that empowers kids ages 3‚Äì18.,"Nicholas Grandy
 Founder
Amir Nathoo
 Founder",Not found
"MasonSeattle, WA, USA",Unknown,Mason is the fastest way to take smart devices from idea to end user,Startup Jobs; The Mason,Not found
"MagicBusLos Angeles, CA, USA",Unknown,We make vanpool simple.,Startup Jobs; Former Founders,Not found
"TovalaChicago, IL, USA",Unknown,A smart-oven-paired subscription meal service.,Startup Jobs; Active Founders,Not found
"iSono HealthSan Francisco, CA, USA",Unknown,AI-powered platform for Accessible and Personalized Breast Health‚Ä¶,"Shadi Saberi
 Founder/CTO",https://www.linkedin.com/in/ssaberig
"GetAcceptSan Francisco, CA, USA",Unknown,Close deals faster. Digitally.,Startup Jobs; Digital Sales,Not found
"ChatfuelSan Francisco, CA, USA",Unknown,Platform to easily create chatbots to engage with audiences on‚Ä¶,Startup Jobs; Facebook Messenger,Not found
"YardbookSan Mateo, CA, USA",Unknown,Marketplace & Software Revolutionizing Yard Care,"Mark Ke
 Founder/CEO; LinkedIn ¬∑ Mark Ke
820+ followers",https://www.linkedin.com/in/mark-ke-a970841; https://www.linkedin.com/in/mark-ke-a970841
"GoCardlessLondon, England, United Kingdom",Unknown,We‚Äôre building the world‚Äôs bank payment network.,Startup Jobs; Accel Partners,Not found
"Stealth WorkerMenlo Park, CA, USA",Unknown,"Information Security (Cyber Security), Compliance and Privacy (GDPR &‚Ä¶","Ken Baylor
 Founder",https://www.linkedin.com/in/kennethmbaylor
"DeepgramSan Francisco, CA, USA",Unknown,Building foundational AI for speech transcription and understanding.,"Technical CEO, DL person, particle physicist.; LinkedIn ¬∑ Zach Supalla
7.5K+ followers",https://www.linkedin.com/in/sarabeykpour
"SOUNDBOKSCopenhagen, Denmark",Unknown,We're creating the loudest battery-driven speaker on the market,Startup Jobs; North America,Not found
"LatticeSan Francisco, CA, USA",Unknown,Modern people management platform.,Startup Jobs; Latest News,Not found
"MuxSan Francisco, CA, USA",Unknown,Video infrastructure for developers,Startup Jobs; Mux Video,Not found
"Human InterestSan Francisco, CA, USA",Unknown,The 401(k) for small and medium-sized businesses.,"Co-Founder @ Human Interest; LinkedIn ¬∑ Roger Lee
4.2K+ followers",https://www.linkedin.com/in/rogerrlee
"Flirtey (SkyDrop)Reno, NV, USA",Unknown,Flirtey is the world‚Äôs first commercial drone delivery service and‚Ä¶,"Matthew Sweeny
 Founder/CEO",https://www.linkedin.com/in/matthew-sweeny-732b70127
"Eight SleepNew York, NY, USA",Unknown,The sleep fitness company.,Startup Jobs; Eight Sleep,Not found
"InstaworkSan Francisco, CA, USA",Unknown,A flexible work app that connects businesses with hourly workers.,"Sumir Meghani
 Founder/CEO",https://www.linkedin.com/in/sumirmeghani
"Cofactor GenomicsSt. Louis, MO, USA",Unknown,Cofactor closes the precision medicine gap with predictive diagnostics,Startup Jobs; Cofactor Genomics,Not found
"Click & GrowPalo Alto, CA, USA",Unknown,Click & Grow makes indoor urban gardens and farms that take complete‚Ä¶,"Mattias Lepp
 Founder; LinkedIn ¬∑ Mattias Lepp
1K+ followers",https://ee.linkedin.com/in/mattiaslepp; https://ee.linkedin.com/in/mattiaslepp
"BitmovinSan Francisco, CA, USA",Unknown,Powers OTT online video providers with video developer tools.,Startup Jobs; Active Founders,Not found
"TetraScienceBoston, MA, USA",Unknown,The only R&D data cloud for life sciences,"Siping Wang
 Founder/CTO",https://www.linkedin.com/in/siping-wang-205a3247
"The Ticket FairyLos Angeles, CA, USA",Unknown,Revenue generation for live events,Startup Jobs; The Ticket,Not found
"Font AwesomeBentonville, AR, USA",Unknown,Icons and social logos for your website.,Startup Jobs; Font Awesome,Not found
"80,000 HoursLondon, England, United Kingdom",Unknown,An online guide that tells talented graduates how to maximise the‚Ä¶,Startup Jobs; Team Size,Not found
"XenditJakarta, Jakarta, Indonesia",Unknown,Provides payment infrastructure for Southeast Asia,Startup Jobs; Southeast Asia,Not found
"Shred VideoSan Francisco, CA, USA",Unknown,Shred Video builds automated video & photo systems that allow‚Ä¶,"Mike Allen
 Founder/CEO
Mark Godfrey
 Founder/CTO",Not found
"Shape (ShapeScale)San Francisco, CA, USA",Unknown,ShapeScale is a personal 3D scanner and fitness tracker that‚Ä¶,Startup Jobs; San Francisco,Not found
"RedCarpetUpGurugram, HR, India",Unknown,Credit cards for Indians that banks cannot see,Startup Jobs; Capital One,Not found
"Plate IQNew York, NY, USA",Unknown,Automated Accounts Payable,Startup Jobs; Automated Accounts,Not found
"PickTraceLos Angeles, CA, USA",Unknown,Workforce Management for Large Farms,Startup Jobs; Workforce Management,Not found
"FountainSan Francisco, CA, USA",Unknown,High volume hiring made simple,"Keith Ryu
 Founder/CEO",https://www.linkedin.com/in/kibaekr
"MicrohealthNew York, NY, USA",Unknown,Digital hematology,Startup Jobs; Novo Nordisk,Not found
"ZeplinSan Francisco, CA, USA",Unknown,Deliver on the Promise of Design,Zeplin S15,Not found
"MarkhorSan Francisco, CA, USA",Unknown,Markhor is a DTC company that works with craftsmen to make shoes and‚Ä¶,Startup Jobs; Former Founders,Not found
Circle Medical,Unknown,Modern primary care via video and in-person,"Cofounder and CTO at Circle Medical.; Tracxn
https://tracxn.com ‚Ä∫ Discover ‚Ä∫ Companies",https://www.linkedin.com/in/jsboulanger
"GiveCampusWashington, DC, USA",Unknown,The fundraising platform for schools.,Startup Jobs; Latest News,Not found
"Drip CapitalMH, India",Unknown,Digital trade financing for small businesses,"Pushkar Mukewar
 Founder/CEO; LinkedIn ¬∑ Pushkar Mukewar
14.8K+ followers",https://in.linkedin.com/in/pushkar-mukewar-0316951
"ChaldalDhaka, Dhaka Division, Bangladesh",Unknown,SUMMER 2015,Startup Jobs; At Chaldal,Not found
"ClerkyPalo Alto, CA, USA",Unknown,Makes legal paperwork easy for startups and their attorneys.,Startup Jobs; Active Founders,Not found
"BodyportSan Francisco, CA, USA",Unknown,Predicting and preventing heart disease.,Startup Jobs; Active Founders,Not found
Verge Genomics,Unknown,We use human data and AI to develop better drugs faster.,"Alice Zhang
 Founder/CEO",https://www.linkedin.com/in/alice-zhang-2087862b
"Thrive AgritechNew York, NY, USA",Unknown,We design and manufacture energy efficient LED lighting fixtures for‚Ä¶,"Brian Bennett
 Founder/CEO; LinkedIn ¬∑ Brian Bennett
1.2K+ followers",https://www.linkedin.com/in/brian-bennett-3190b9b
"TesorioSan Francisco, CA, USA",Unknown,Tesorio is the cash flow performance platform that helps finance‚Ä¶,"Co-founder & CEO; LinkedIn ¬∑ Fabio Fleitas
3.4K+ followers",https://www.linkedin.com/in/fabiofleitas
"AgileMDSan Francisco, CA, USA",Unknown,Predictive analytics and clinical pathways for hospitals,Startup Jobs; Active Founders,Not found
"ReachRedwood City, CA, USA",Unknown,"Long range, wireless energy distribution that scales","Christopher Davlantes
 Founder; LinkedIn ¬∑ Chris Davlantes
1.8K+ followers",https://www.linkedin.com/in/chrisdavlantes
"SunFarmerKathmandu, Central Development Region, Nepal",Unknown,Reliable and affordable solar energy in developing countries.,Startup Jobs; Former Founders,Not found
"Confident LIMSPalo Alto, CA, USA",Unknown,Laboratory Information Management System (LIMS) serving‚Ä¶,Startup Jobs; Laboratory Information,Not found
"Branch8Kowloon, Hong Kong",Unknown,Branch8 helps sellers to list and manage products on e-commerce‚Ä¶,"Matt Li
 Founder/Director; LinkedIn ¬∑ Matthew Li
1 follower",https://hk.linkedin.com/in/mattcsli; https://hk.linkedin.com/in/mattcsli
"Heroic LabsLondon, England, United Kingdom",Unknown,"Social Infrastructure for Games; Makers of Nakama game server, Satori‚Ä¶",Colourblind. Founder. YC S15. Photographer.,Not found
"SnapMagicSan Francisco, CA, USA",Unknown,AI copilot for electronics design,"Natasha Baker
 Founder/CEO",https://www.linkedin.com/in/natashaabaker
"Scope ARSan Francisco, CA, USA",Unknown,Scope AR is the leading provider of User Guided Augmented Reality‚Ä¶,Startup Jobs; User Guided,Not found
"PartnerStackToronto, ON, Canada",Unknown,PartnerStack is a full stack solution for partnerships.,Startup Jobs; Active Founders,Not found
"AssemblySouth San Francisco, CA, USA",Unknown,Advanced manufacturing and distribution solutions (for China-based‚Ä¶,Startup Jobs; Active Founders,Not found
"GemnoteSan Leandro, CA, USA",Unknown,"Gemnote is the easiest way to design, create and send custom products.","Ashley Wong
 Founder/CEO",https://www.linkedin.com/in/ashley-wong-tsui-b9032614
"New StoryAtlanta, GA, USA",Unknown,We pioneer solutions to end the global housing crisis by empowering‚Ä¶,"Co-Founder and CEO at New Story.; LinkedIn ¬∑ Kathy Story
770+ followers",https://www.linkedin.com/in/rbhagler; https://www.linkedin.com/in/kathy-story-08745ab
"IroncladSan Francisco, CA, USA",Unknown,Digital contracting platform for legal teams.,"Founder @ Ironclad, Inc.; LinkedIn ¬∑ Jason Boehmig
10.3K+ followers",https://www.linkedin.com/in/jboehmig
"Leaders In TechSan Francisco, CA, USA",Unknown,Become the leader your company needs.,Startup Jobs; Leaders In,Not found
"teaBOTToronto, ON, Canada",Unknown,A robot that makes tea!,Startup Jobs; Active Founders,Not found
"TeleportOakland, CA, USA",Unknown,"The easiest, most secure way to access all your infrastructure",Startup Jobs; Infrastructure Access,Not found
"LuggSan Francisco, CA, USA",Unknown,"Move anything, anytime, anywhere","Founder/CEO of Lugg (s15); LinkedIn ¬∑ Jordan Brown
1.2K+ followers",https://www.linkedin.com/in/jordan-brown-b4b628a1
"ShasqiSan Francisco, CA, USA",Unknown,Targeting Cancer with Click Chemistry,Startup Jobs; Targeting Cancer,Not found
"MashginPalo Alto, CA, USA",Unknown,Self-Checkout using Computer Vision.,Startup Jobs; Computer Vision,Not found
"NimbleRxRedwood City, CA, USA",Unknown,On-demand prescription delivery.,"Talha Sattar
 Founder/CEO",https://www.linkedin.com/in/talha-sattar-09777a5
"QuartzyHayward, CA, USA",Unknown,Marketplace for life science supplies.,Startup Jobs; Active Founders,Not found
"ReplikaSan Francisco, CA, USA",Unknown,Replika is an AI friend that you can talk to designed to make you‚Ä¶,"Eugenia Kuyda
 Founder/CEO",https://www.linkedin.com/in/eugenia-kuyda-638a8a1b
"Tara AISan Jose, CA, USA",Unknown,"Meet Tara AI, your new engineering efficiency co-pilot.",Startup Jobs; Meet Tara,Not found
"FlipLos Angeles, CA, USA",Unknown,Community-driven marketplace for sneakers.,"Kemar Newell
 Founder/CEO; LinkedIn ¬∑ Kevin L. Newell, MBA
6.7K+ followers",https://www.linkedin.com/in/kemarnewell
"X-ZellSingapore, Singapore",Unknown,"Early, pain-free cancer detection.",Startup Jobs; Paul Buchheit,Not found
"ZenflowSouth San Francisco, CA, USA",Unknown,"Medical device that provides a more effective, less invasive‚Ä¶","Shreya Mehta
 Founder/CTO",https://www.linkedin.com/in/shreya-mehta-49a0575
"TabLondon, England, United Kingdom",Unknown,"Revolutionising the way travellers discover, plan and book a trip",Startup Jobs; At Tab,Not found
StreakRemote,Unknown,Streak transforms Gmail into a powerful CRM,"Founder of Streak; LinkedIn ¬∑ Harsha M
610+ followers",https://in.linkedin.com/in/mharsha; https://in.linkedin.com/in/mharsha
"MeadowSan Francisco, CA, USA",Unknown,Point of Sale and Compliance SaaS for Cannabis Dispensaries,"Co-Founder & CTO of Meadow; LinkedIn ¬∑ Rick Harrison
550+ followers",https://www.linkedin.com/in/rickharrison; https://www.linkedin.com/in/rickharrison
"Level FramesNY, USA",Unknown,Software eats custom framing,"Founder & CTO @levelframes; Tracxn
https://tracxn.com ‚Ä∫ Discover ‚Ä∫ Companies",https://www.linkedin.com/in/joshhubball
"Industrial MicrobesAlameda, CA, USA",Unknown,We design and build microbes to make chemicals greener at lower cost.,Startup Jobs; Industrial Microbes,Not found
"GiveffectNew York, NY, USA",Unknown,"Fundraising, Volunteer and Donor Management SaaS for nonprofits.","Allan Shin
 Founder/CPO
Kevin Shin
 Founder; LinkedIn ¬∑ Allan Shin
1.3K+ followers",https://www.linkedin.com/in/allanshin
"eBrandvalueMountain View, CA, USA",Unknown,Real-time Nielsen ratings for Brands.Accelerate marketing and product‚Ä¶,"Ayse Akcura
 Founder/CEO
Tolga Ak√ßura
 Founder",https://www.linkedin.com/in/akcura
"QuantierraNew York, NY, USA",Unknown,Sourcing investment real estate,"Sandip Trivedi
 Founder; sandiptrivedi.me
https://sandiptrivedi.me",https://www.linkedin.com/in/sandiptrivedi; https://www.linkedin.com/in/sandiptrivedi
"CleanlyNew York, NY, USA",Unknown,Laundry & Dry Cleaning delivered.,Startup Jobs; Dry Cleaning,Not found
"ResolveNew York, NY, USA",Unknown,"Real-time BIM collaboration for fast, predictable construction","Co-Founder & COO @ Resolve; LinkedIn ¬∑ Spiros Xanthos
16.6K+ followers",https://www.linkedin.com/in/spiros
"MakrwatchNew York, NY, USA",Unknown,Scale new user acquisition with YouTube Creators,Startup Jobs; Active Founders,Not found
"TeamNoteHong Kong, Hong Kong",Unknown,Mobile Productivity(Slack for mobile workforces),Startup Jobs; Mobile Productivity,Not found
"TempoSan Francisco, CA, USA",Unknown,Live home fitness training powered by computer vision.,Startup Jobs; Founders Fund,Not found
"SIRUMPalo Alto, CA, USA",Unknown,SIRUM is a ‚Äúmatch.com‚Äù for unused medicine. We connect institutional‚Ä¶,Startup Jobs; Stanford University,Not found
"Sails Co.Austin, TX, USA",Unknown,"Full-service web, mobile, & cloud studio providing professional‚Ä¶",See https://mcneil.io,https://www.linkedin.com/in/mikermcneil
"ReadMeSan Francisco, CA, USA",Unknown,"Beautiful, personalized, interactive developer hubs","Gregory Koberger
 Founder; LinkedIn ¬∑ ü¶â Gregory Koberger
3.6K+ followers",https://www.linkedin.com/in/gkoberger
"BuildScienceNiagara Falls, NY, USA",Unknown,The operating system for commercial buildings.,"Ritesh Patel
 Founder; LinkedIn ¬∑ Ritesh Patel
4.4K+ followers",https://www.linkedin.com/in/riteshdpatel
"PlatziSan Francisco, CA, USA",Unknown,Latin America's School of Technology,Startup Jobs; Latin America,Not found
"LabdoorSan Francisco, CA, USA",Unknown,Labdoor is building the trusted online drugstore.,Startup Jobs; Active Founders,Not found
"GiveMeTapLondon, England, United Kingdom",Unknown,We produce & sell stainless steel water bottles that enables people‚Ä¶,"Edwin Broni-Mensah
 Founder/The Water Guy",https://uk.linkedin.com/in/ebronimensah
"BankjoyTroy, MI, USA",Unknown,An end-to-end digital banking solution for banks and credit unions,Startup Jobs; Active Founders,Not found
"ZeitviewSanta Monica, CA, USA",Unknown,Inspection software for renewable energy & sustainable infrastructure,Startup Jobs; At Zeitview,Not found
"The Human UtilityOakland, CA, USA",Unknown,The Human Utility seeks to eliminate water service disconnections for‚Ä¶,Startup Jobs; The Human,Not found
"Democracy EarthMadrid, Community of Madrid, Spain",Unknown,Censorship resistant democracies.,Startup Jobs; Democracy Earth,Not found
"OneSignalSan Mateo, CA, USA",Unknown,Engage customers through personalized omni-channel messaging,Startup Jobs; Active Founders,Not found
"Numerion LabsSan Francisco, CA, USA",Unknown,Artificial intelligence for drug discovery.,Startup Jobs; Numerion Labs,Not found
"BrightMexico City, CDMX, Mexico",Unknown,Sunrun for the developing world,Startup Jobs; First Round,Not found
"MagicWashington, DC, USA",Unknown,Extremely talented assistants for busy people,"co-founder magic w15; LinkedIn ¬∑ Mike Chen
30+ followers",https://www.linkedin.com/in/michael-rubin-519b2785; https://www.linkedin.com/in/mike-chen-02145b259
"MezmoSan Jose, CA, USA",Unknown,Observability platform to control all of your log data,"Co-founder at Shuttle; LinkedIn ¬∑ Shaun Coleman
1.9K+ followers",https://www.linkedin.com/in/ruteshshah
"Akido LabsLos Angeles, CA, USA",Unknown,Rebuilding healthcare with AI at the core,"Jared Goodner
 Founder
Prashant Samant
 Founder",Not found
"QventusSan Francisco, CA, USA",Unknown,We automate operations for hospitals and health systems,"Mudit Garg
 Founder/CEO
Ian Christopher
 Founder; Scalelist
https://scalelist.com ‚Ä∫ CEOs",https://www.linkedin.com/in/mgarg
"Bayes ImpactSan Francisco, CA, USA",Unknown,Tech nonprofit building the future of public services.,"Paul Duan
 Founder/President; LinkedIn ¬∑ Paul Duan
9.1K+ followers",https://fr.linkedin.com/in/pyduan/en
"Helion EnergyEverett, WA, USA",Unknown,Building the world's first fusion power plant,Startup Jobs; Helion Energy,Not found
"HackerRankMountain View, CA, USA",Unknown,Change the world to value skills over pedigree,Startup Jobs; Latest News,Not found
"FrontSan Francisco, CA, USA",Unknown,Customer communications hub for building strong relationships,Startup Jobs; Sequoia Capital,Not found
"ApolloSan Francisco, CA, USA",Unknown,Apollo helps engineering teams accelerate delivery,Startup Jobs; Apollo Graph,Not found
"RoomstormRedwood City, CA, USA",Unknown,Real time B2B hotel room marketplace for various industries‚Ä¶,"Maksim Izmaylov
 Founder",https://www.linkedin.com/in/max-izmaylov-491248372
"HiveKitchener, ON, Canada",Unknown,"Marketing automation for event promoters (email, sms, ads, CRM)","Founder @ www.hive.co; LinkedIn ¬∑ Kevin Guo
17.1K+ followers",https://ca.linkedin.com/in/patrickhannigan
"TenjinSan Francisco, CA, USA",Unknown,Mobile marketing analytics and infrastructure,"Like to make things; LinkedIn ¬∑ Jing Jin
1.6K+ followers",https://www.linkedin.com/in/christopherfarm
"SpotAngelsSan Francisco, CA, USA",Unknown,Waze for parking,"Thomas Cottin
Founder/CTO
Aboud Jardaneh
 Founder",Not found
UserGemsAustria,Unknown,AI-powered sales solution based on your best customers,"Christian Kletzl
 Founder
Stephan Kletzl
 Founder",https://www.linkedin.com/in/christiankletzl
"SFOXLos Angeles, CA, USA",Unknown,Crypto-currency trading platform.,Startup Jobs; Demo Day,Not found
"PicnicHealthSan Francisco, CA, USA",Unknown,Empowering Patients for Deep Real World Data,Startup Jobs; Empowering Patients,Not found
"PermutiveLondon, England, United Kingdom",Unknown,Rebuilding data in advertising to protect privacy,"Joe Root
 Founder
Tim Spratt
 Founder",https://uk.linkedin.com/in/timothyspratt
"AlchemyWaterloo, ON, Canada",Unknown,Nanotechnology-enabled coatings for automotive and defence sectors,Startup Jobs; For Jeep,Not found
"MTailorSan Francisco, CA, USA",Unknown,Get measured by your phone in under 30 seconds for perfect fitting‚Ä¶,"Miles Penn
Founder/CEO",https://www.linkedin.com/in/dr-michael-l-penn-jr
"MetricWireKitchener, ON, Canada",Unknown,Mobile surveys for researchers,Startup Jobs; Team Size,Not found
"Protocol LabsPalo Alto, CA, USA",Unknown,"Protocol Labs makes internet protocols: IPFS, Filecoin, and more.","Juan founded Protocol Labs, IPFS, and Filecoin.",https://www.linkedin.com/in/jbenetcs
"GreentoeNew York, NY, USA",Unknown,"""Name Your Price"" for products","Andrew Kurland
 Founder/CTO; LinkedIn ¬∑ Andrew Kurland
680+ followers",https://www.linkedin.com/in/andrewkurland; https://www.linkedin.com/in/andrewkurland
"HyperpadLondon, ON, Canada",Unknown,"Create, Share, Play Mobile Games on the iPad.",Startup Jobs; Play Mobile,Not found
"FlaviarNew York, NY, USA",Unknown,Try-at-home service for fine spirits,Startup Jobs; Team Size,Not found
"ClearBengaluru, KA, India",Unknown,"Fintech SaaS platform for invoices, taxes, wealth management & credit.",Startup Jobs; Latest News,Not found
"BillforwardSan Francisco, CA, USA",Unknown,"Subscription billing, rate plan management and analytics as a‚Ä¶","Aubone Tennant
 Founder/Chief Growth Officer",https://uk.linkedin.com/in/aubonetennant
"BackpackSan Francisco, CA, USA",Unknown,Marketplace to get stuff from overseas,"Fahim Aziz
 Founder/CEOM",https://www.linkedin.com/in/fahimmaziz
"Immunity ProjectSan Francisco, CA, USA",Unknown,The free HIV vaccine.,Startup Jobs; Immunity Project,Not found
"DyspatchVictoria, BC, Canada",Unknown,Two products to help everyone email better. Dyspatch.io - Email‚Ä¶,"Matt Harris
 Founder/CEO",https://www.linkedin.com/in/harrismc
"OpenCurriculumMountain View, CA, USA",Unknown,Helping K-12 teachers and school administrators build awesome‚Ä¶,"Varun Arora
Founder/Founding Director",https://www.linkedin.com/in/2pointsomeone
"MixerBoxPalo Alto, CA, USA",Unknown,AI Super-Apps to Live Easier | The anything anytime superapps‚Ä¶,Harvard '06,https://www.linkedin.com/in/johnlai1
Y Combinator,Unknown,,"Jessica Livingston
 Founder",https://www.linkedin.com/in/jessicalivingston1
"GBatteriesOttawa, ON, Canada",Unknown,Enabling li-ion batteries to charge ultra fast without compromising‚Ä¶,"2020 Forbes 30 Under 30 - Energy; LinkedIn ¬∑ Forbes
80+ reactions ¬∑ 1 week ago",https://ca.linkedin.com/in/jenniferforbes
"ZincSan Francisco, CA, USA",Unknown,The secret backbone of e-commerce.,CEO @ Mystro (mystrodriver.com),https://www.linkedin.com/in/feigelson
"ZidishaSterling, VA, USA",Unknown,Direct P2P lending across the international wealth divide.,"Julia Kurnia
 Founder/Director; LinkedIn ¬∑ Julia Kurnia
1.6K+ followers",https://www.linkedin.com/in/juliakurnia
"TrueVaultSan Francisco, CA, USA",Unknown,We make Privacy Software for SMBs.,Startup Jobs; Privacy Software,Not found
"GuestyTel Aviv-Yafo, Tel Aviv District, Israel",Unknown,The management platform for the short term rental industry.,Startup Jobs; With Guesty,Not found
"SnapdocsSan Francisco, CA, USA",Unknown,digital mortgage closing,Startup Jobs; Active Founders,Not found
"MedmonkMilpitas, CA, USA",Unknown,A tool for pharmacists to find funding for patients who are unable to‚Ä¶,"Abbas Mehdi
 Founder
Somaira Punjwani
 Founder",Not found
"ShoobsLondon, England, United Kingdom",Unknown,We help you find and book tickets to great entertainment events that‚Ä¶,"Louise Broni-Mensah
 Founder",Not found
"PushbulletSan Francisco, CA, USA",Unknown,Push things to your other things.,Startup Jobs; Team Size,Not found
"PovioSan Francisco, CA, USA",Unknown,Engineering and Design that Fuels Startup Success,Startup Jobs; Fuels Startup,Not found
"PiinPointKitchener, ON, Canada",Unknown,PiinPoint helps businesses find the best locations for growth,Startup Jobs; North America,Not found
"One DegreeSan Francisco, CA, USA",Unknown,One Degree is a nonprofit organization that makes it easy for‚Ä¶,Startup Jobs; One Degree,Not found
"MBXSan Francisco, CA, USA",Unknown,A global multi-brand beauty and personal care startup.,"Hyungseok (Dino) Ha
 Founder/CEO",https://www.linkedin.com/in/dinoha
EmailioRemote,Unknown,Email built for wellness,"Martin Stoyanov
Founder
Teo Teodosiev
 Founder; LinkedIn ¬∑ Martin Stoyanov
230+ followers",https://bg.linkedin.com/in/mstoyanov1; https://bg.linkedin.com/in/martin-stoyanov-6998416
"DevCycleToronto, ON, Canada",Unknown,Feature Flag Management Built for Developers,"Co-Founder & CTO @ DevCycle + Taplytics W14; LinkedIn ¬∑ Andrew Norris
3K+ followers",https://ca.linkedin.com/in/andrewsnorris; https://ca.linkedin.com/in/andrewsnorris
"CodeNowChicago, IL, USA",Unknown,Our mission is to diversify the talent pipeline of students who‚Ä¶,"Ryan Seashore
 Founder/CEO; LinkedIn ¬∑ Mark Shore
2.5K+ followers",https://www.linkedin.com/in/seashore
"CodeCombatSan Francisco, CA, USA",Unknown,Game that teaches computer science to middle and high school kids.,Startup Jobs; Active Founders,Not found
"Noora HealthBengaluru, KA, India",Unknown,Training patients and their families with health skills,Startup Jobs; Noora Health,Not found
"CamblySan Francisco, CA, USA",Unknown,On-demand access to English tutors over video chat.,"Founder @ Cambly; Scalelist
https://scalelist.com ‚Ä∫ CEOs",https://www.linkedin.com/in/sameer-shariff-37b83280
"AptDecoNew York, NY, USA",Unknown,AptDeco is the easiest way to buy and sell used furniture,"Reham Fagiri
 Founder/CEO
kalam dennis
 Founder",https://www.linkedin.com/in/reham-fagiri-97683b1
"CareMessageSan Francisco, CA, USA",Unknown,Patient engagement for low-income populations,Startup Jobs; United States,Not found
"AmbitionChattanooga, TN, USA",Unknown,Coaching and gamification software for sales teams.,Startup Jobs; Active Founders,Not found
AirHelpRemote,Unknown,"AirHelp helps air passengers get compensation for delayed, cancelled‚Ä¶",Startup Jobs; Active Founders,Not found
"42San Francisco, CA, USA",Unknown,Analytics stack for omnichannel retailers and brands,Startup Jobs; Frasers Group,Not found
"True LinkSan Francisco, CA, USA",Unknown,Financial Services for Financial Caregivers.,"Kai Stinchcombe
 Founder/CEO; LinkedIn ¬∑ True Link
30+ reactions ¬∑ 3 years ago",https://www.linkedin.com/in/kaistinchcombe; https://www.linkedin.com/in/kaistinchcombe
"ReebeeKitchener, ON, Canada",Unknown,SUMMER 2013,Startup Jobs; Apple App,Not found
"LobSan Francisco, CA, USA",Unknown,Lob is the only automation platform that transforms direct mail into‚Ä¶,"Founder of Lob (YC S13); LinkedIn ¬∑ Sam Crombie
3.7K+ followers",https://www.linkedin.com/in/jaredfriedman
"Panorama EducationBoston, MA, USA",Unknown,Improving education for every student.,"Aaron Feuer
 Founder/CEO",https://www.linkedin.com/in/aaronfeuer
"CratejoyAustin, TX, USA",Unknown,Cratejoy is the platform for subscriptions,Startup Jobs; Cratejoy Marketplace,Not found
"Estimote, Inc.Krak√≥w, Lesser Poland Voivodeship, Poland",Unknown,Location intelligence platform,Co-Founder & CTO @ Estimote,https://pl.linkedin.com/in/krzych
"EasyPostSan Francisco, CA, USA",Unknown,The shipping infrastructure of the internet.,"Founder and CEO of EasyPost; Tracxn
https://tracxn.com ‚Ä∫ Discover ‚Ä∫ Companies",https://www.linkedin.com/in/jstreebin
"AssetaNewport Beach, CA, USA",Unknown,Marketplace for industrial spare parts and capital equipment.,"Founder of Asseta; LinkedIn ¬∑ Kenneth Rinker
100+ followers",https://www.linkedin.com/in/kenneth-rinker-4b1a57b; https://www.linkedin.com/in/spencer-k-rinker-4981a86
"Per VicesToronto, ON, Canada",Unknown,Building Mission Critical Software Defined Radio products.,"You can reach me at:

victor.w@pervices.com",Not found
"7cupsVirginia Beach, VA, USA",Unknown,7 Cups is an emotional support service that matches up people that‚Ä¶,"Glen Moriarty
Founder; LinkedIn ¬∑ Glen Moriarty
1.7K+ followers",https://www.linkedin.com/in/glen-moriarty
"WatsiSan Francisco, CA, USA",Unknown,Watsi is the first global crowdfunding platform for medical‚Ä¶,Startup Jobs; Former Founders,Not found
"GoldbellyNew York, NY, USA",Unknown,Empowering restaurants and small food makers to ship nationwide.,Startup Jobs; Latest News,Not found
"WevorceBothell, WA, USA",Unknown,Changing divorce for good by making it a way less horrible experience‚Ä¶,"Michelle Crosby
 Founder/CEO; LinkedIn ¬∑ Michelle Crosby
3.8K+ followers",https://www.linkedin.com/in/michelle-crosby-040a402a5
"WefunderSan Francisco, CA, USA",Unknown,We're Robinhood for pre-IPO startups. Everyone can invest $100.,"CEO, Wefunder; LinkedIn ¬∑ Nicholas Tommarello
1.7K+ followers",https://www.linkedin.com/in/nicktommarello
"SimplyInsuredSan Francisco, CA, USA",Unknown,We sell health insurance to small businesses 100% online.,"Vivek Shah
 Founder",https://www.linkedin.com/in/vivekajayshah
"CircuitHubLondon, England, United Kingdom",Unknown,On-Demand Electronics Manufacturing,Startup Jobs; Demand Electronics,Not found
"ExperimentHonolulu, HI, USA",Unknown,crowdfunding platform for science,Startup Jobs; At Experiment,Not found
"RADARNew York, NY, USA",Unknown,RADAR is building technology to completely transform the in-store‚Ä¶,"Spencer Hewett
 Founder/CEO",Not found
"LollipuffMountain View, CA, USA",Unknown,Online Auctions for Authentic (Women's) Designer Goods,"Fei Deyle
 Founder/CEO",https://www.linkedin.com/in/fei-deyle-14152910
"StrikinglyShanghai, Shanghai, China",Unknown,"The easiest way to create a beautiful, mobile optimized website.",Startup Jobs; Mobile Age,Not found
"InfluxDataSan Francisco, CA, USA",Unknown,The platform for building and operating time series applications.,Startup Jobs; Open Source,Not found
"EtleapSan Francisco, CA, USA",Unknown,Etleap is an ETL solution for creating perfect data pipelines.,"Christian Romming
 Founder/CEO; LinkedIn ¬∑ Etleap
9 reactions ¬∑ 3 years ago",https://www.linkedin.com/in/cromming; https://www.linkedin.com/in/cromming
"CheetahSan Francisco, CA, USA",Unknown,"Fastest, easiest, and most affordable way for small business owners‚Ä¶","Na'ama Moran
 Founder/CEO; LinkedIn ¬∑ Na'ama Moran
3.5K+ followers",https://www.linkedin.com/in/naamamoran
"LawdingoNew York, NY, USA",Unknown,Lawdingo provides virtual paralegal services to law firms.,Startup Jobs; Solo Practice,Not found
"PadletSan Francisco, CA, USA",Unknown,Papyrus ‚Üí Parchment ‚Üí Paper ‚Üí Padlet,"Nitesh Goel
 Founder/CEO",https://www.linkedin.com/in/doodlebug
"BuildZoomSan Francisco, CA, USA",Unknown,BuildZoom is a better way to remodel. We connect homeowners to the‚Ä¶,"David Petersen
 Founder/CEO",https://www.linkedin.com/in/davidcpetersen
"CircuitLabRedwood City, CA, USA",Unknown,Online circuit simulator and electronic schematic editor.,Like building. Love outdoors.,https://www.linkedin.com/in/david-love-43a8315
"StyleUpNew York, NY, USA",Unknown,"StyleUp brings effortless joy to getting dressed with daily,‚Ä¶",Startup Jobs; Active Founders,Not found
"9gagHong Kong, Hong Kong",Unknown,Make the world happier.,Startup Jobs; Freestyle Capital,Not found
"SvbtleSan Francisco, CA, USA",Unknown,A publishing platform.,"Designer, hacker, investor.; LinkedIn ¬∑ Dustin Lee
3.7K+ followers",https://www.linkedin.com/in/clivehacker
"PlivoAustin, TX, USA",Unknown,"Voice AI Agents for customer engagement, including WhatsApp, SMS &‚Ä¶","Founder and CEO at plivo.com; LinkedIn ¬∑ Venky B
13.9K+ followers",https://www.linkedin.com/in/bevenky
"Double RoboticsBurlingame, CA, USA",Unknown,Telepresence robots,"David Cann
 Founder/CEO
Marc DeVidts
 Founder",Not found
"VastrmBurlingame, CA, USA",Unknown,Mass customized active apparel. We are building a full turn key‚Ä¶,"Jonathan Tang
 Founder/CEO/President",https://www.linkedin.com/in/jonathantang
"FlightfoxBoulder, CO, USA",Unknown,"A platform to plan, book and manage global and group travel.",Startup Jobs; Active Founders,Not found
"BackerKitSan Francisco, CA, USA",Unknown,The only end-to-end crowdfunding platform built for today‚Äôs creators,"co Founder BackerKit; LinkedIn ¬∑ Maxwell Salzberg
640+ followers",https://www.linkedin.com/in/maxwell-salzberg; https://www.linkedin.com/in/maxwell-salzberg
"SubmittableMissoula, MT, USA",Unknown,"The best way to launch, manage and measure social impact programs",Startup Jobs; Next Coast,Not found
"NewsBlurSan Francisco, CA, USA",Unknown,NewsBlur is a personalized news reader,"Founder of NewsBlur and Turn Touch.; LinkedIn ¬∑ Ishita Matharu
3.4K+ followers",https://www.linkedin.com/in/ishitamatharu
"OctaveWealthSan Francisco, CA, USA",Unknown,The 401(k) that helps you grow,"Rikin Shah
 Founder/CEO; LinkedIn ¬∑ Rikin Shah
380+ followers",https://www.linkedin.com/in/rik1shah; https://www.linkedin.com/in/rik1shah
"UpwaveSan Francisco, CA, USA",Unknown,Marketing analytics for the world's biggest brand marketers,"Chris Kelly
 Founder/CEO",https://www.linkedin.com/in/christopherkelly
"EligibleNY, USA",Unknown,Insurance Billing APIs for Healthcare Businesses,"Katelyn Gleason
Founder/CEO; Medium ¬∑ Katelyn Gleason
8 likes ¬∑ 6 years ago",https://www.linkedin.com/in/katelyn-gleason; https://www.linkedin.com/in/katelyn-gleason-b8497865
"FundersClubSan Francisco, CA, USA",Unknown,SUMMER 2012,Startup Jobs; Active Founders,Not found
"ZentailColumbia, MD, USA",Unknown,We're making ecommerce simple connecting brands with sales channels,CEO & Cofounder of Zentail,https://www.linkedin.com/in/dansugarman
"MattermostPalo Alto, CA, USA",Unknown,Secure Collaboration for Technical Teams,"Ian Tien
 Founder/CEO",https://www.linkedin.com/in/iantien
"HealthSherpaSacramento, CA, USA",Unknown,Private sector Healthcare.gov.,Startup Jobs; Active Founders,Not found
"Human DxSan Francisco, CA, USA",Unknown,The Human Diagnosis Project.,Startup Jobs; Human Dx,Not found
"Mth SenseSan Jose, CA, USA",Unknown,We're a mobile on-device profiling and ad-serving platform initially‚Ä¶,Startup Jobs; Mth Sense,Not found
"RainforestSan Francisco, CA, USA",Unknown,no-code end-to-end testing that integrates with any CI/CD pipeline,Making AI weapon systems.,Not found
"ScreenleapSan Carlos, CA, USA",Unknown,One-click screen sharing with installation-free viewing on all devices,Startup Jobs; Former Founders,Not found
"BuxferSanta Clara, CA, USA",Unknown,Buxfer helps you make better spending decisions by making it easy to‚Ä¶,Startup Jobs; Former Founders,Not found
"VirtualminMountain View, CA, USA",Unknown,WINTER 2007,"Jamie Cameron
 Founder
Joe Cooper
Founder; LinkedIn ¬∑ James Cameron Cooper
130+ followers",https://www.linkedin.com/in/jccooper; https://www.linkedin.com/in/jccooper
"Blue Frog GamingAkron, OH, USA",Unknown,SUMMER 2007,"Matt Maroon
 Founder/Owner",https://www.linkedin.com/in/matthewmaroon
"CleverDeckIstanbul, Istanbul, Turkey",Unknown,Collaborate with an artist to commission original artwork you'll live‚Ä¶,"Justin Cannon
Founder; LinkedIn ¬∑ Justin Cannon
5K+ followers",https://www.linkedin.com/in/justin-cannon-47a3a647; https://www.linkedin.com/in/justin-cannon-47a3a647
"MartiniSan Francisco, CA, USA",Unknown,Collaborative AI-native filmmaking for professionals,Turns Martinis into Films.,https://ca.linkedin.com/in/gemma-martini
"ShofoSan Francisco, CA, USA",Unknown,Scraping hard to access social media posts to curate training datasets,"Co-founder & CEO @ Shofo | Berkeley Dropout; LinkedIn ¬∑ Shuo Yang
6.2K+ followers",https://www.linkedin.com/in/shuo
"GrazeMateSan Francisco, CA, USA",Unknown,Robot Cowboys that Muster Cattle with AI Drones,Startup Jobs; Robot Cowboys,Not found
"RitivelSan Francisco, CA, USA",Unknown,We turn clinical trial data into FDA submission documents in minutes,Startup Jobs; Active Founders,Not found
"SpotPaySan Francisco, CA, USA",Unknown,Cross-border Personal Finance on Stablecoins,Startup Jobs; Personal Finance,Not found
"VeriadSan Francisco, CA, USA",Unknown,AI compliance officers,Startup Jobs; Active Founders,Not found
Coevolved,Unknown,Incredibly Fast Multi-Agent Orchestration and Execution,"Founder @ Coevolved; LinkedIn ¬∑ Tim Sullivan
3.5K+ followers",https://au.linkedin.com/in/tim-sullivan-coevolve
"Fed10San Francisco, CA, USA",Unknown,AI agents that replace your policy consultants,Startup Jobs; Active Founders,Not found
Squid,Unknown,AI-powered grid planning in your browser ü¶ë,Startup Jobs; Active Founders,Not found
"Scout OutSan Francisco, CA, USA",Unknown,Find someone to build your building,Startup Jobs; Scout Out,Not found
"CorelayerSan Francisco, CA, USA",Unknown,AI on-call engineer that debugs using data,Startup Jobs; Goldman Sachs,Not found
"ChasiNew York, NY, USA",Unknown,"AI Concierge for Equipment sales, service & rentals",Startup Jobs; Active Founders,Not found
"o11San Francisco, CA, USA",Unknown,The AI Platform for Capital Market Firms,Startup Jobs; Capital Market,Not found
"Sequence MarketsNew York, NY, USA",Unknown,Smarter and faster trade execution for digital assets,I like building cool projects,https://uk.linkedin.com/in/geniusworks
"ArzuleSan Francisco, CA, USA",Unknown,Debugging multi-agent coordination,Startup Jobs; Claude Code,Not found
Bubble Lab,Unknown,"Open-source, Typescript-native agentic workflow builder",Startup Jobs; Bubble Lab,Not found
"PocketSan Francisco, CA, USA",Unknown,The world's best AI note-taking device and app,Startup Jobs; Active Founders,Not found
"Constellation SpaceSeattle, WA, USA",Unknown,The Operating System for Space.,Startup Jobs; Constellation Space,Not found
"AxionOrbital SpaceSan Francisco, CA, USA",Unknown,Foundation models for 24/7 Earth Observation,Startup Jobs; Earth Observation,Not found
"CarettaSan Francisco, CA, USA",Unknown,24/7 Sales Intelligence,"Co-founder & CEO of Caretta (W26); LinkedIn ¬∑ Paige Kotuby
380+ followers",https://www.linkedin.com/in/paigekotuby; https://www.linkedin.com/in/paigekotuby
"Human ArchiveSan Francisco, CA, USA",Unknown,Multimodal data provider for robotics learning,Startup Jobs; Human Archive,Not found
"Ressl AISan Francisco, CA, USA",Unknown,"AI Agents for ERP / CRM Configuration, starting with Salesforce",Startup Jobs; At Ressl,Not found
"SideKitSan Francisco, CA, USA",Unknown,One package to take your mobile app to production.,Startup Jobs; Active Founders,Not found
"Clice AISan Francisco, CA, USA",Unknown,AI clones of people that can coordinate with each other,Startup Jobs; Active Founders,Not found
"ChamberSan Francisco, CA, USA",Unknown,Autopiloting your AI infrastructure,Startup Jobs; Active Founders,Not found
Patientdesk.ai,Unknown,AI voice agent for patient calls & admin workflows,Cofounder of Patientdesk.ai,https://nl.linkedin.com/in/oncelozgul
"Visibl SemiconductorsSan Francisco, CA, USA",Unknown,The AI IDE for chip design.,Startup Jobs; Visibl Semiconductors,Not found
"Seeing SystemsLondon, England, United Kingdom",Unknown,AI Drone Systems for Defence,Startup Jobs; Seeing Systems,Not found
"CardboardSan Francisco, CA, USA",Unknown,Agentic video editor,Startup Jobs; Active Founders,Not found
"PranaSan Francisco, CA, USA",Unknown,An AI primary care doctor in your pocket,Startup Jobs; The Team,Not found
"Pax HistoriaSan Francisco, CA, USA",Unknown,The first AI-powered grand strategy platform,"Co-founder of Pax Historia; LinkedIn ¬∑ Eli Bullock-Papa
280+ followers",https://www.linkedin.com/in/elibullockpapa; https://www.linkedin.com/in/elibullockpapa
Laurence,Unknown,Automating performance advertising with quantitative models,Startup Jobs; Active Founders,Not found
"Opalite HealthPalo Alto, CA, USA",Unknown,Solving language barriers in healthcare,Startup Jobs; Opalite Health,Not found
"Q2QSan Francisco, CA, USA",Unknown,We help funds source deals and run personalized outreach with AI,Co-Founder & CEO | UPenn M&T,https://www.linkedin.com/in/danieltian316
Ishiki Labs,Unknown,Building the Future of Multimodal AI,Startup Jobs; Ishiki Labs,Not found
"SparklesSan Francisco, CA, USA",Unknown,Make everyone on your team an engineer,20 | üá∫üá¶,"https://www.linkedin.com/in/eugene-cheah-a47791126#:~:text=Eugene%20Cheah%20%2D%20Building%20the%20transformer,featherless%20%2F%20recursal.ai%20%7C%20LinkedIn"
"ArclineSan Francisco, CA, USA",Unknown,AI-native lawyers handling startup legal work in hours,Startup Jobs; Founders Fund,Not found
"RamAInSan Francisco, CA, USA",Unknown,Super fast computer-use agents to automate anything.,Startup Jobs; Active Founders,Not found
OctaPulseRemote,Unknown,Computer vision to automate fish farming from hatchery to harvest,Startup Jobs; United States,Not found
"LuelSan Francisco, CA, USA",Unknown,Turning everyday words and actions into usable training data.,"Co-Founder & COO, Luel | Berkeley Dropout; F6S
https://www.f6s.com ‚Ä∫ People",https://www.linkedin.com/in/neel-dankar
"SkillsyncSan Francisco, CA, USA",Unknown,Find anyone in open source,Startup Jobs; Active Founders,Not found
AutoSitu,Unknown,AI-native workspace for municipal development review,Startup Jobs; At Autositu,Not found
"VerdexSan Francisco, CA, USA",Unknown,Asset Intelligence for Farmland,"Math + CS @ Dartmouth
Made in Morocco",https://www.linkedin.com/in/mehar-bhasin
Cumulus,Unknown,The Optimized GPU Cloud,Startup Jobs; The Optimized,Not found
"21stSan Francisco, CA, USA",Unknown,Ai programming tools,"co-founder @ 21st.dev; ex deel; LinkedIn ¬∑ David Yue
5K+ followers",https://www.linkedin.com/in/serafimkorablev; https://www.linkedin.com/in/dyyy
"AvoiceSan Francisco, CA, USA",Unknown,The AI Workspace For Architects,Working on Avoice!,https://www.linkedin.com/in/amit-desai-b225a
"Bujo AISan Francisco, CA, USA",Unknown,AI voice & chat agents for sales and customer support at large B2C‚Ä¶,Startup Jobs; Active Founders,Not found
"BurtSan Francisco, CA, USA",Unknown,Easily fine tune and deploy specialized models,Startup Jobs; Active Founders,Not found
"ProtentSan Francisco, CA, USA",Unknown,AI intelligence for mission-critical operations,Startup Jobs; Active Founders,Not found
"LegalOSSan Francisco, CA, USA",Unknown,The AI-powered immigration law firm for complex work visas,Startup Jobs; Active Founders,Not found
"10x ScienceSan Francisco, CA, USA",Unknown,The AI-native platform for next-generation protein characterization.,Startup Jobs; Stanford University,Not found
"LexiusSan Francisco, CA, USA",Unknown,AI Crime Detection,Startup Jobs; Crime Detection,Not found
"SonarlySan Francisco, CA, USA",Unknown,Production-bug context for AI agents,Startup Jobs; Active Founders,Not found
"RunAnywhereSan Francisco, CA, USA",Unknown,The default way of running On-Device AI at Scale,Startup Jobs; Active Founders,Not found
"KitaSan Francisco, CA, USA",Unknown,Turn documents into signals for lenders,Startup Jobs; Southeast Asian,Not found
"DiditSan Francisco, CA, USA",Unknown,"AI-native, developer-first identity verification platform","CTO - Math, AI and Identity; LinkedIn ¬∑ Omid Saadati
2.9K+ followers",https://www.linkedin.com/in/ankit-kumar-5a07479a
"TensolSan Francisco, CA, USA",Unknown,AI-native Hospitality Operating System,Startup Jobs; Hospitality Operating,Not found
"PantaSan Francisco, CA, USA",Unknown,Commercial insurance brokerage run by AI agents. Scales like software.,"Hacked on compiler, now hack on people",https://www.linkedin.com/in/jayhack
"HlabsAustin, TX, USA",Unknown,Developer friendly robotics,Startup Jobs; Nvidia Jetson,Not found
"ValgoSan Mateo, CA, USA",Unknown,Algorithmic safety validation tools for autonomy.,Startup Jobs; Lincoln Laboratory,Not found
Sarah AI,Unknown,AI Agents for CPG ops,Startup Jobs; Better Nature,Not found
"Mantis BiotechnologyNew York, NY, USA",Unknown,The Infrastructure Powering Human-In-Computer Models,Startup Jobs; Mantis Biotechnology,Not found
"HaladirSan Francisco, CA, USA",Unknown,Rooting Formal Methods into Codegen RL & Data,Cofounder and CIO of Haladir,https://www.linkedin.com/in/waldiralatriste
JSX Tool,Unknown,AI-First In-Browser IDE for React Development,Startup Jobs; First In,Not found
"Zephyr FusionSan Diego, CA, USA",Unknown,Powering tomorrow's industrial revolution in space,Startup Jobs; Zephyr Fusion,Not found
"MayflowerSan Francisco, CA, USA",Unknown,AI plug-in that automates HR immigration screening and compliance,Startup Jobs; Active Founders,Not found
"itemSan Francisco, CA, USA",Unknown,The AI-Native CRM that works for you,"Building what comes after the CRM; LinkedIn ¬∑ Genya Tukbaeva
1.1K+ followers",https://cy.linkedin.com/in/evgeniyatukbaeva
"RivetSan Francisco, CA, USA",Unknown,Visual editor to design in production code,Startup Jobs; Active Founders,Not found
"OpenrollStockholm, Stockholm County, Sweden",Unknown,AI-Native Workday,Startup Jobs; Native Workday,Not found
Fixpoint,Unknown,Uber for AI trainers and human-in-the-loop supervisors,"CMU grad in comp sci and ML
2x YC founder",https://www.linkedin.com/in/tianwei-yue
"BearSan Francisco, CA, USA",Unknown,Marketing Stack for AI Agents,Startup Jobs; Marketing Stack,Not found
"MossSan Mateo, CA, USA",Unknown,Real-time semantic search for Conversational AI,Startup Jobs; Active Founders,Not found
"ZarnaSan Francisco, CA, USA",Unknown,AI Associates for Private Capital,"CEO/Co-Founder @ Zarna AI; LinkedIn ¬∑ Rishabh Dhariwal
3.4K+ followers",https://www.linkedin.com/in/rishabh-dhariwal
"MarkItSan Francisco, CA, USA",Unknown,AI Agents for Trade Compliance - Saving Companies from Tariffs,"Michelin, Porsche, Tesla, Lucid",https://www.linkedin.com/in/evan-muncheryan
"DomeNew York, NY, USA",Unknown,"A unified API for prediction markets, like Kalshi and Polymarket",Startup Jobs; Active Founders,Not found
"VoltairSan Francisco, CA, USA",Unknown,Self Charging Drones,Startup Jobs; Self Charging,Not found
Clicks,Unknown,Computer use agents to automate all back-office work,Startup Jobs; What We,Not found
Fastshot,Unknown,Lovable for mobile apps,Startup Jobs; App Stores,Not found
"ShoptiquesNew York, NY, USA",Unknown,Shoptiques.com lets you shop the world's best local boutiques online.,Long term hacker. Currently CTO of Agronomeye,Not found
"ClaybirdSan Francisco, CA, USA",Unknown,The full-stack AI ad company,Startup Jobs; Eight Sleep,Not found
"LunaBillSan Francisco, CA, USA",Unknown,AI Voice callers for healthcare billing teams,Startup Jobs; Experian Health,Not found
Axial Composites Industries,Unknown,Carbon Fiber Manufacturing at the Speed of Software,Startup Jobs; Axial Composites,Not found
"VelvetSan Francisco, CA, USA",Unknown,Data for world models,Startup Jobs; Active Founders,Not found
"DiligenceSquaredSan Francisco, CA, USA",Unknown,AI-powered market due diligence for investment decisions,Startup Jobs; When Private,Not found
Amera,Unknown,Automating claims processing workflows for health insurance payers.,Startup Jobs; Active Founders,Not found
"Forge RoboticsSan Francisco, CA, USA",Unknown,A robotics intelligence system for metal fabrication,Startup Jobs; Forge Robotics,Not found
"Stratus AviationSan Francisco, CA, USA",Unknown,AI-powered intelligence layer for airports,Startup Jobs; Stratus Aviation,Not found
"BlumaSan Francisco, CA, USA",Unknown,The new media distribution company,Startup Jobs; Active Founders,Not found
"LightberrySan Francisco, CA, USA",Unknown,The social brain for robots.,Founder @Lightberry (F25) üíõ,Not found
The Hog,Unknown,AI Demand Gen for Companies,Startup Jobs; The Hog,Not found
Telemetron,Unknown,Support and Operations Platform for Hardware Companies,Startup Jobs; Operations Platform,Not found
"Boom AISan Francisco, CA, USA",Unknown,AI growth team for e-commerce brands,Startup Jobs; Active Founders,Not found
"Freeport MarketsNew York, NY, USA",Unknown,DeFi Brokerage for Real Assets,Startup Jobs; Freeport Markets,Not found
"MiniswapSan Francisco, CA, USA",Unknown,The Marketplace for Complex Hobbies,Startup Jobs; The Marketplace,Not found
"Rovi HealthSan Francisco, CA, USA",Unknown,AI healthcare concierge for employees,Startup Jobs; Rovi Health,Not found
Castari,Unknown,Vercel for AI Agents ‚Äì Deploy sandboxed agents with MCP tools & skills,Startup Jobs; Active Founders,Not found
"JarminSan Francisco, CA, USA",Unknown,24/7 Machine Learning Engineer employees,Startup Jobs; Machine Learning,Not found
"ExonicSan Francisco, CA, USA",Unknown,Crowdsourcing drug discovery.,Startup Jobs; Ginkgo Bioworks,Not found
"LemmaSan Francisco, CA, USA",Unknown,Continuous learning for AI agents,Startup Jobs; Active Founders,Not found
Mantle,Unknown,Build internal agents to automate back office work with one prompt,"Founder @ Mantle (YC F25); LinkedIn ¬∑ Gautam Paranjape
2K+ followers",https://www.linkedin.com/in/gparanjape; https://www.linkedin.com/in/gparanjape
Karumi,Unknown,The Waymo of Personalized demos,Startup Jobs; The Waymo,Not found
"IcarusLos Angeles, CA, USA",Unknown,Stratospheric birds for defense,Startup Jobs; Active Founders,Not found
Sava,Unknown,Building the future of trusts,Startup Jobs; Active Founders,Not found
Waffer,Unknown,Lovable for Animated Graphics Videos,Startup Jobs; Animated Graphics,Not found
"DenkiSan Francisco, CA, USA",Unknown,The full-stack AI financial audit firm,Startup Jobs; Automates Control,Not found
"ArctenSan Francisco, CA, USA",Unknown,We make any product AI-native in an afternoon,Startup Jobs; Active Founders,Not found
MetorialRemote,Unknown,The infra layer for AI integrations.,Startup Jobs; Active Founders,Not found
Kalpa Labs,Unknown,Scaling Generalist Speech models,Startup Jobs; Kalpa Labs,Not found
Absurd,Unknown,AI Brand and Performance Ads at Scale,Absurd | prev. Meta,https://www.linkedin.com/in/damian-chng
"Clad LabsSan Francisco, CA, USA",Unknown,the brainrot ide,Building Chad IDE | Ex-Meta | UIUC Alum,Not found
"Automax.aiSan Francisco, CA, USA",Unknown,AI native real-estate appraisal firm,Startup Jobs; Fannie Mae,Not found
"SpecificStockholm, Stockholm County, Sweden",Unknown,Build and deploy production-ready backends without code,Former tech lead at Stripe,https://www.linkedin.com/in/ysarath
"PrimerSan Francisco, CA, USA",Unknown,AI Product Demos,Building stuff,https://www.linkedin.com/in/delk
"NarrativeSan Francisco, CA, USA",Unknown,AI-Powered Sports Highlights,"Building the future of sports content; LinkedIn ¬∑ Erik Vank
3.1K+ followers",https://www.linkedin.com/in/erik-vank
Crunched,Unknown,Excel AI analyst for Power Users,Startup Jobs; Power Users,Not found
Lua Global Inc,Unknown,The mid-market agent platform,Startup Jobs; Lua Global,Not found
"Spatial AIPalo Alto, CA, USA",Unknown,Data for robot foundational models,Building General Purpose Robots,Not found
"SourcebotSan Francisco, CA, USA",Unknown,Helping humans and AI agents understand massive codebases,Startup Jobs; Red Hat,Not found
"ZalosSan Francisco, CA, USA",Unknown,"Computer Agents for Finance tasks like reconciliation, in your system!",Startup Jobs; Computer Agents,Not found
"HireGlideSan Francisco, CA, USA",Unknown,The AI-native job board,Startup Jobs; Active Founders,Not found
"AsideSan Francisco, CA, USA",Unknown,Live answer copilot for enterprise tech sales,Startup Jobs; Live Cards,Not found
"Scott AINew York, NY, USA",Unknown,Agentic Workspace for Engineering Team Alignment,Active Founders,https://www.linkedin.com/in/maxwell-scott-63428643
"EverestSan Francisco, CA, USA",Unknown,AI employees for outsourced IT,Startup Jobs; Senior Support,Not found
"Expected ParrotCambridge, MA, USA",Unknown,Simulate your customers with AI agents,Startup Jobs; Expected Parrot,Not found
"Imagine AISan Francisco, CA, USA",Unknown,Your AI Clone for B2B Content,Startup Jobs; Sky Yang,Not found
"Anto BiosciencesSan Francisco, CA, USA",Unknown,A Foundation Model for Microbial Communities.,Startup Jobs; Anto Biosciences,Not found
"Patent WatchToronto, ON, Canada",Unknown,AI for detecting patent infringements,Founder @Patent Watch | Ex Research @ Philips,https://ca.linkedin.com/in/alex-stroe
"s2.devSan Francisco, CA, USA",Unknown,"API for unlimited, durable, real-time streams",Startup Jobs; Active Founders,Not found
Tornyol,Unknown,We build micro-drones that kill mosquitoes.,Startup Jobs; West Nile,Not found
"NucleoSan Francisco, CA, USA",Unknown,The first Agentic platform for Oncology,Startup Jobs; Stanford Hospital,Not found
"LeadbaySan Francisco, CA, USA",Unknown,Discover and qualify SMB leads that couldn't be found before.,Startup Jobs; Milan Stankovic,Not found
"Pixley AISan Francisco, CA, USA",Unknown,The first platform where parents & kids can co-create AI cartoon shows,Startup Jobs; Active Founders,Not found
"Cortex AISan Francisco, CA, USA",Unknown,Large-scale real-world robot & human data for embodied AI,Startup Jobs; Egocentric Data,Not found
"InspectorSan Francisco, CA, USA",Unknown,AI IDE for front-end development,"GT CS dropout. Prev @ Oracle, CMU HCII.",https://www.linkedin.com/in/jayshah1210
"ThesisSan Francisco, CA, USA",Unknown,The AI discovery engine.,Startup Jobs; Active Founders,Not found
"OxusSan Francisco, CA, USA",Unknown,AI-powered automation for internal audit workflows,Startup Jobs; With Oxus,Not found
"Play HealthBoulder, CO, USA",Unknown,Perimenopause Care Platform,Startup Jobs; Play Health,Not found
"CaseySan Francisco, CA, USA",Unknown,Casey automates workflows for the insurance industry,Startup Jobs; Active Founders,Not found
"SelfinSan Francisco, CA, USA",Unknown,Building the first AI Bank,Startup Jobs; Active Founders,Not found
"CompyleSan Francisco, CA, USA",Unknown,The coding agent that actually collaborates with you,Startup Jobs; Claude Code,Not found
"LexiSan Francisco, CA, USA",Unknown,AI Associates for Corporate Law,Startup Jobs; Corporate Law,Not found
Codyco,Unknown,The AI Reservation Team for Hotel Groups,Active Founders,https://www.linkedin.com/in/robin-ross-activateinsight
ComplyDo,Unknown,Global Compliance for Enterprises,"Building ComplyDo; LinkedIn ¬∑ Leo Schuhmann
2.1K+ followers",https://www.linkedin.com/in/leo-schuhmann
"BraviSan Francisco, CA, USA",Unknown,The AI operating system powering home services businesses,Startup Jobs; Active Founders,Not found
"RovrSan Francisco, CA, USA",Unknown,AI FDE Engine that runs your engineering workflows,Startup Jobs; Active Founders,Not found
Sunflower,Unknown,Building the Sobriety Platform for the future of Superintelligence. üåª,Startup Jobs; Sobriety Platform,Not found
"CaptainSan Francisco, CA, USA",Unknown,The High Accuracy RAG API,CEO @ Captain | The High Accuracy RAG API,https://www.linkedin.com/in/bradtaylorsf
"RedaptoSan Francisco, CA, USA",Unknown,Self-improving systems for Customer Support Teams,Active Founders,https://www.linkedin.com/in/robertnathansonsf
"ArticulateSan Francisco, CA, USA",Unknown,Automatic Construction Drawing Clash Detection,Startup Jobs; Automatic Construction,Not found
"Aleph LabSan Francisco, CA, USA",Unknown,AI language buddy in the games kids love,Startup Jobs; Aleph Lab,Not found
"LogicalSan Francisco, CA, USA",Unknown,"A proactive desktop copilot. Clippy, but actually good.",Startup Jobs; Active Founders,Not found
"Agentic FabriqSunnyvale, CA, USA",Unknown,Okta for Agents.,Startup Jobs; Agentic Fabriq,Not found
"TravoSan Francisco, CA, USA",Unknown,We use AI to collect and analyze real estate data,Startup Jobs; Active Founders,Not found
"TensrSan Francisco, CA, USA",Unknown,Fully autonomous robotic factories,"Robotics, ML and Controls @ UC Berkeley",https://www.linkedin.com/in/nakul-jayakar
"Kestrel AISan Francisco, CA, USA",Unknown,AI-Native Cloud Incident Response Platform,"CTO @ Kestrel AI. Like to build things.; LinkedIn ¬∑ Andrey Akselrod
3.5K+ followers",https://www.linkedin.com/in/ramanvarma
"SanctumSan Francisco, CA, USA",Unknown,Catch software issues with user simulations,"Cofounder @ Sanctum. Prev @ DRW, IMC, Stanford; LinkedIn ¬∑ Stanford Founders
1.2K+ followers",https://www.linkedin.com/in/bjorncooley
"LogosGuardSan Francisco, CA, USA",Unknown,The risk management software for enterprises adopting AI,Cofounder at Logos Guard,https://www.linkedin.com/in/domingoguerra
"SciloopSan Francisco, CA, USA",Unknown,AI Co-Scientist that automates ML experimentation and analysis.,Startup Jobs; International Physics,Not found
"MultifactorSan Francisco, CA, USA",Unknown,"Zero-trust authentication, authorization, and auditing for AI agents",Startup Jobs; Active Founders,Not found
"Allus AIAtlanta, GA, USA",Unknown,Transforming manufacturing with our next-gen Vision Foundation Model,"Co-Founder @ Allus AI Inc. | MS CS @ GaTech; LinkedIn ¬∑ Zhisen An
540+ followers",https://www.linkedin.com/in/zhisenan; https://www.linkedin.com/in/zhisenan
"Unsiloed AISan Francisco, CA, USA",Unknown,API for parsing multimodal unstructured data,Startup Jobs; Active Founders,Not found
SF Tensor,Unknown,Infrastructure for AI labs to focus on research.,Optimizing GPU Kernels @ SF Tensor.,Not found
AnswerThis,Unknown,End-to-end workspace to accelerate scientific discovery,Startup Jobs; Active Founders,Not found
"NivaraSan Francisco, CA, USA",Unknown,The intelligence layer for how your teams use AI,Startup Jobs; Engineering Managers,Not found
"LakoniaSan Francisco, CA, USA",Unknown,Delivering AI-powered situational awareness in tactical environments.,"Stanford EE CS, Ex-Saronic SWE Intern, 8VC Fellow",https://www.linkedin.com/in/bukovec
"SellRazeSan Francisco, CA, USA",Unknown,The fastest way to sell online.,Startup Jobs; Active Founders,Not found
Mod AI,Unknown,Our AI Agents Replace Accounting Clerks,Startup Jobs; Agents Replace,Not found
"Semble AISan Francisco, CA, USA",Unknown,Autonomous building-system design for construction companies.,Startup Jobs; Active Founders,Not found
Flick,Unknown,"Figma + Cursor, for AI Filmmaking",Startup Jobs; Active Founders,Not found
"AtlasGridMountain View, CA, USA",Unknown,Accelerate Product Iteration,Startup Jobs; Accelerate Product,Not found
Wardstone,Unknown,Satellites for Missile Defense,Startup Jobs; Missile Defense,Not found
"NessieSan Francisco, CA, USA",Unknown,Shareable AI Brains for Everyone,Startup Jobs; Apple Notes,Not found
Hypercubic,Unknown,AI to maintain and modernize COBOL.,Startup Jobs; Active Founders,Not found
"Cranston AISan Francisco, CA, USA",Unknown,Full Stack AI Accounting Firm,Startup Jobs; Full Stack,Not found
"QuestomSan Francisco, CA, USA",Unknown,AI Agents for B2B Inbound Sales,AI Agents for B2B Inbound Sales,Not found
"Velum LabsSan Francisco, CA, USA",Unknown,Firewall that controls access to information across AI and humans,Startup Jobs; Velum Labs,Not found
"Veria LabsSan Francisco, CA, USA",Unknown,Continuous AI pentesting that finds and fixes vulnerabilities,Startup Jobs; Veria Labs,Not found
"IrisSan Francisco, CA, USA",Unknown,The Digital Extension of Yourself,Co-founder @ Iris YC F25,https://www.linkedin.com/in/samika-sanghvi
"PlayVisionSan Francisco, CA, USA",Unknown,AI Moneyball for Sports,Startup Jobs; Active Founders,Not found
"KoyalSan Francisco, CA, USA",Unknown,Agentic AI Filmmaking Platform,Startup Jobs; Filmmaking Platform,Not found
"Kaigo HealthSan Francisco, CA, USA",Unknown,AI outpatient care workforce,Startup Jobs; Kaigo Health,Not found
"NorraSan Francisco, CA, USA",Unknown,Automating equipment operations for nursing facilities,Startup Jobs; Active Founders,Not found
"SorenSan Francisco, CA, USA",Unknown,AI agents for evaluating and debugging AI systems.,Startup Jobs; Active Founders,Not found
"LunavoSan Francisco, CA, USA",Unknown,Lunavo is the AI assistant for carriers.,Startup Jobs; Active Founders,Not found
"DariSan Francisco, CA, USA",Unknown,An API to build the most reliable browser use agents,Building Dari,https://ca.linkedin.com/in/sohail-rashid-91973b104
"The Context CompanySan Francisco, CA, USA",Unknown,Semantic observability for AI agents to help teams fix failures fast,Startup Jobs; The Context,Not found
"SorceSan Francisco, CA, USA",Unknown,Tinder for jobs,"working on sorce; prev. tesla, dell",Not found
Caddy,Unknown,The voice interface that works proactively for you,Startup Jobs; Active Founders,Not found
"Alt-XSan Francisco, CA, USA",Unknown,AI Diligence Tools for Private Investors,Startup Jobs; Diligence Tools,Not found
Locus,Unknown,Payment infrastructure for AI agents,I like moving money.,Not found
"DeeptraceSan Francisco, CA, USA",Unknown,AI agents for on-call,Startup Jobs; At Deeptrace,Not found
Aspect,Unknown,AI Visual Understanding for Multimodal Data,Startup Jobs; Visual Understanding,Not found
"ScoopSan Francisco, CA, USA",Unknown,Automating regulatory submissions for life sciences,Startup Jobs; Active Founders,Not found
"HyperspellSan Francisco, CA, USA",Unknown,Memory for AI Agents,"4x Founder, 2 exits, 15 years in AI & ML",Not found
"Bolna AIBengaluru, KA, India",Unknown,Voice AI to enable India's next billion,Startup Jobs; With Bolna,Not found
"NexusBrussels, Brussels, Belgium",Unknown,We help non-technical teams build AI agents without engineers,"Co-founder (CTO) of NexusGPT; LinkedIn ¬∑ Andrei I. Cursaru
5.7K+ followers",https://www.linkedin.com/in/shady-al-shoha
"SylvianSan Francisco, CA, USA",Unknown,Specialized AI Agents.,Startup Jobs; Active Founders,Not found
